LP6005878-DNA_H08.SV.vcf.gz,PRPH,SOD1,DAO,SETX,FIG4,ALS2,NEFH,VCPVEGFA,UBQLN2,DCTN1,OPTN,FUS,TARDBP,PFN1,ANG,SQSTM1,VAPB,CHMP2B,PON3,TREM2,PON2,PON1
LP6005878-DNA_A01.SV.vcf.gz,0,0,0,3,4,8,0,0,0,0,0,0,0,0,0,0,16,0,0,0,0,0
LP6005878-DNA_A02.SV.vcf.gz,0,0,0,4,0,5,0,0,0,0,0,0,0,0,0,0,16,0,9,0,0,2
LP6005878-DNA_A03.SV.vcf.gz,0,0,0,7,7,0,0,0,0,0,0,0,8,0,0,0,16,0,0,0,0,0
LP6005878-DNA_A04.SV.vcf.gz,0,0,0,4,7,0,3,0,0,0,0,0,0,0,0,0,20,0,0,0,0,0
LP6005878-DNA_A05.SV.vcf.gz,0,0,0,4,4,0,3,0,0,0,0,0,0,0,0,0,0,0,0,0,0,0
LP6005878-DNA_A06.SV.vcf.gz,0,0,0,0,8,0,3,0,0,0,0,0,0,0,0,0,12,0,0,0,0,0
LP6005878-DNA_A07.SV.vcf.gz,0,0,7,4,8,11,3,0,0,0,0,0,0,0,0,0,0,0,0,0,0,0
LP6005878-DNA_A08.SV.vcf.gz,0,0,7,0,4,6,3,0,0,0,0,0,0,0,0,0,0,0,0,0,0,0
LP6005878-DNA_B01.SV.vcf.gz,0,0,0,4,4,0,0,0,0,0,0,0,0,0,0,0,8,0,0,0,0,0
LP6005878-DNA_A09.SV.vcf.gz,0,0,0,4,8,8,3,0,0,0,9,0,0,0,0,0,8,0,0,0,0,0
LP6005878-DNA_B02.SV.vcf.gz,0,0,0,0,4,0,3,0,0,0,0,0,0,0,0,0,0,0,0,0,0,0
LP6005878-DNA_B03.SV.vcf.gz,0,0,0,7,4,5,3,0,0,0,0,0,8,0,0,0,0,0,0,0,0,0
LP6005878-DNA_B04.SV.vcf.gz,0,0,0,4,4,3,3,0,0,0,0,0,0,0,0,0,16,0,0,0,0,0
LP6005878-DNA_B05.SV.vcf.gz,0,0,0,4,4,0,3,0,0,0,0,0,0,0,0,0,12,0,0,0,0,0
LP6005878-DNA_B06.SV.vcf.gz,0,0,0,4,4,8,3,0,0,0,0,0,0,0,0,0,0,0,0,0,0,0
LP6005878-DNA_B07.SV.vcf.gz,0,0,0,4,4,5,3,0,0,0,0,0,0,0,0,0,20,0,0,0,0,0
LP6005878-DNA_B08.SV.vcf.gz,0,0,3,4,0,0,0,0,0,0,0,0,0,0,0,0,4,0,0,0,0,0
LP6005878-DNA_B09.SV.vcf.gz,0,0,0,7,0,8,3,0,0,0,0,0,0,0,0,0,16,0,0,0,0,0
LP6005878-DNA_C01.SV.vcf.gz,0,0,0,7,5,0,3,0,0,0,0,0,0,0,0,0,0,0,0,0,0,2
LP6005878-DNA_C03.SV.vcf.gz,0,0,0,7,7,11,3,0,0,0,0,0,0,0,0,0,4,0,0,0,0,0
LP6005878-DNA_C02.SV.vcf.gz,0,0,0,7,7,0,3,0,0,0,0,0,0,0,0,0,8,0,0,0,0,0
LP6005878-DNA_C04.SV.vcf.gz,0,0,0,7,0,11,3,0,0,0,0,0,0,0,0,0,8,0,0,0,0,0
LP6005878-DNA_C05.SV.vcf.gz,0,0,0,4,0,8,3,0,0,0,9,0,10,0,0,0,8,0,0,0,0,0
LP6005878-DNA_C06.SV.vcf.gz,0,0,7,7,4,0,3,0,0,0,6,0,0,0,0,0,0,0,0,0,0,0
LP6005878-DNA_C07.SV.vcf.gz,0,0,7,4,4,0,0,0,0,0,0,0,8,0,0,0,4,0,0,0,0,0
LP6005878-DNA_C08.SV.vcf.gz,0,0,0,4,0,8,3,0,0,0,0,0,18,0,0,0,0,0,0,0,0,2
LP6005878-DNA_D01.SV.vcf.gz,0,0,0,8,0,0,3,0,0,0,0,0,8,0,0,0,4,0,0,0,0,0
LP6005878-DNA_C09.SV.vcf.gz,0,0,0,4,0,8,3,0,0,0,0,0,0,0,0,0,4,0,0,0,0,0
LP6005878-DNA_D02.SV.vcf.gz,0,0,0,4,0,0,3,0,0,0,0,0,0,0,0,0,4,0,0,0,0,0
LP6005878-DNA_D03.SV.vcf.gz,0,0,0,8,4,0,3,0,0,0,0,0,0,0,0,0,0,0,0,0,0,0
LP6005878-DNA_D04.SV.vcf.gz,0,0,0,11,4,8,3,0,0,0,0,0,8,0,0,0,12,0,0,0,0,0
LP6005878-DNA_D05.SV.vcf.gz,0,0,14,7,8,4,3,0,0,0,0,0,0,0,0,0,0,0,0,0,0,0
LP6005878-DNA_D06.SV.vcf.gz,0,0,0,4,11,12,3,0,0,0,0,0,0,0,0,0,8,0,0,0,0,0
LP6005878-DNA_D07.SV.vcf.gz,0,0,0,8,8,0,3,0,0,0,0,0,0,0,0,0,20,0,0,0,0,0
LP6005878-DNA_D08.SV.vcf.gz,0,0,0,0,4,8,0,0,0,0,0,0,0,0,0,0,0,0,0,0,0,0
LP6005878-DNA_E01.SV.vcf.gz,0,0,0,4,0,8,3,0,0,0,0,0,0,0,0,0,12,0,0,0,0,0
LP6005878-DNA_E02.SV.vcf.gz,0,0,0,4,0,0,3,0,0,0,0,0,0,0,0,0,4,0,0,0,0,0
LP6005878-DNA_E03.SV.vcf.gz,0,0,0,7,4,0,3,0,0,0,0,0,0,0,0,0,0,0,0,0,0,0
LP6005878-DNA_E04.SV.vcf.gz,0,0,0,4,0,8,3,0,0,0,0,0,0,0,0,0,8,0,0,0,0,0
LP6005878-DNA_E05.SV.vcf.gz,0,0,0,4,8,8,0,0,0,0,0,0,8,0,0,0,0,0,0,0,0,0
LP6005878-DNA_E06.SV.vcf.gz,0,0,0,4,4,8,3,0,0,0,0,0,0,0,0,0,4,0,0,0,0,0
LP6005878-DNA_E07.SV.vcf.gz,0,0,0,8,4,0,0,0,0,0,0,0,0,0,0,0,8,0,0,0,0,0
LP6005878-DNA_E08.SV.vcf.gz,0,0,0,4,0,13,3,0,0,0,0,0,0,0,0,0,24,0,0,0,0,0
LP6005878-DNA_F01.SV.vcf.gz,0,0,0,0,4,5,3,0,0,0,0,0,0,0,0,0,4,0,0,0,0,0
LP6005878-DNA_F02.SV.vcf.gz,0,0,7,4,3,0,3,0,0,0,0,0,0,0,0,0,0,0,0,0,0,0
LP6005878-DNA_F03.SV.vcf.gz,0,0,0,7,0,3,3,0,0,0,0,0,0,0,0,0,0,0,0,0,0,0
LP6005878-DNA_F04.SV.vcf.gz,0,0,14,7,4,0,0,0,0,0,0,0,0,0,0,0,8,0,0,0,0,0
LP6005878-DNA_F05.SV.vcf.gz,0,0,0,7,4,0,3,0,0,0,0,0,0,0,0,0,0,0,0,0,0,5
LP6005878-DNA_F06.SV.vcf.gz,0,0,7,4,8,8,3,0,0,0,0,0,0,0,0,0,0,0,0,0,0,0
LP6005878-DNA_F07.SV.vcf.gz,0,0,7,0,3,0,0,0,0,0,0,0,0,0,0,0,4,0,0,0,0,0
LP6005878-DNA_F08.SV.vcf.gz,0,0,0,7,7,0,3,0,0,0,0,0,0,0,0,0,12,0,0,0,0,0
LP6005878-DNA_G01.SV.vcf.gz,0,0,0,0,0,0,0,0,0,0,0,0,0,0,0,0,0,0,0,0,0,0
LP6005878-DNA_G02.SV.vcf.gz,0,4,0,0,3,0,0,0,0,0,0,0,0,0,0,0,8,0,0,0,0,0
LP6005878-DNA_G03.SV.vcf.gz,0,0,0,7,8,0,3,0,0,0,0,0,8,0,0,0,4,0,0,0,0,0
LP6005878-DNA_G04.SV.vcf.gz,0,0,0,4,15,0,3,0,0,0,7,0,0,0,0,0,0,0,0,0,0,5
LP6005878-DNA_G05.SV.vcf.gz,0,0,0,4,8,5,3,0,0,0,0,0,0,0,0,0,16,0,0,0,0,0
LP6005878-DNA_G06.SV.vcf.gz,0,0,7,7,8,3,0,0,0,0,0,0,0,0,0,0,4,0,0,0,0,0
LP6005878-DNA_G07.SV.vcf.gz,0,0,0,7,4,0,0,0,0,0,0,0,10,0,0,0,8,0,0,0,0,0
LP6005878-DNA_G08.SV.vcf.gz,0,0,0,0,4,0,3,0,0,0,0,0,0,0,0,0,20,0,0,0,0,0
LP6005878-DNA_H01.SV.vcf.gz,0,0,0,4,12,8,0,0,0,0,0,0,0,0,0,0,0,0,0,0,0,0
LP6005878-DNA_H02.SV.vcf.gz,0,0,0,4,8,8,0,0,0,0,0,0,0,0,0,0,12,0,0,0,0,0
LP6005878-DNA_H03.SV.vcf.gz,0,0,0,4,7,8,3,0,0,0,0,0,0,0,0,0,12,0,0,0,0,0
LP6005878-DNA_H04.SV.vcf.gz,0,0,0,4,4,8,3,0,0,0,0,0,0,0,0,0,12,0,0,0,0,0
LP6005878-DNA_H05.SV.vcf.gz,0,0,10,7,4,0,3,0,0,0,0,0,0,0,0,0,5,0,0,0,0,0
LP6005878-DNA_H06.SV.vcf.gz,0,0,0,4,12,0,0,0,0,0,9,0,0,0,0,0,12,0,0,0,0,0
LP6005878-DNA_H07.SV.vcf.gz,0,0,0,4,16,11,3,0,0,0,0,0,0,0,0,0,12,0,0,0,0,0
LP6005878-DNA_H08.SV.vcf.gz,0,0,7,4,3,8,0,0,0,0,0,0,0,0,0,0,0,0,0,0,0,5
